Metric,Value
MSE (Prey),0.017834303673272777
MSE (Predator),0.015919741743566314
R2 Score (Prey),0.8262487917209378
R2 Score (Predator),0.8650046622676952
